"","lemma_morphit","form_1ps_ind","formfreq_1ps_ind","fonform_1ps_ind","fonroot_1ps_ind","fonroot_noinc_1ps_ind","pal_end_1ps_ind","conj","inf_root","pal_end_inf","form_3ps_ind","formfreq_3ps_ind","fonform_3ps_ind","fonroot_3ps_ind","pal_end_3ps_ind","form_1pp_ind","formfreq_1pp_ind","fonform_1pp_ind","fonroot_1pp_ind","pal_end_1pp_ind","form_1ps_sub","formfreq_1ps_sub","fonform_1ps_sub","fonroot_1ps_sub","pal_end_1ps_sub","L_morph","indpres_1s_eq_inf"
"1","abbellire","abbellisco",13,"abbellisko","abbellisk","abbell","k","ire","abbell","-","abbellisce",206,"abbelliSSe","abbelliSS","-","abbelliamo",6,"abbelliamo","abbell","-","abbellisca",22,"abbelliska","abbellisk","k",1,0
"2","abolire","abolisco",8,"abolisko","abolisk","abol","k","ire","abol","-","abolisce",1353,"aboliSSe","aboliSS","-","aboliamo",327,"aboliamo","abol","-","abolisca",175,"aboliska","abolisk","k",1,0
"3","aborrire","aborro",193,"aborro","aborr","aborr","-","ire","aborr","-","aborre",173,"aborre","aborr","-","aborriamo",49,"aborriamo","aborr","-","aborrisca",11,"aborriska","aborrisk","k",0,1
"4","abortire","abortisco",18,"abortisko","abortisk","abort","k","ire","abort","-","abortisce",181,"abortiSSe","abortiSS","-","abortiamo",5,"abortiamo","abort","-","abortisca",27,"abortiska","abortisk","k",1,0
"5","accanire","accanisco",33,"akkanisko","akkanisk","akkan","k","ire","akkan","-","accanisce",679,"akkaniSSe","akkaniSS","-","accaniamo",24,"akkaniamo","akkan","-","accanisca",125,"akkaniska","akkanisk","k",1,0
"6","acconsentire","acconsento",140,"akkonsento","akkonsent","akkonsent","-","ire","akkonsent","-","acconsente",2494,"akkonsente","akkonsent","-","acconsentiamo",39,"akkonsentiamo","akkonsent","-","acconsenta",193,"akkonsenta","akkonsent","-",0,1
"7","accudire","accudisco",26,"akkudisko","akkudisk","akkud","k","ire","akkud","-","accudisce",496,"akkudiSSe","akkudiSS","-","accudiamo",14,"akkudiamo","akkud","-","accudisca",53,"akkudiska","akkudisk","k",1,0
"8","acquisire","acquisisco",75,"akquisisko","akquisisk","akquis","k","ire","akquis","-","acquisisce",7117,"akquisiSSe","akquisiSS","-","acquisiamo",125,"akquisiamo","akquis","-","acquisisca",979,"akquisiska","akquisisk","k",1,0
"9","aderire","aderisco",532,"aderisko","aderisk","ader","k","ire","ader","-","aderisce",8355,"aderiSSe","aderiSS","-","aderiamo",402,"aderiamo","ader","-","aderisca",881,"aderiska","aderisk","k",1,0
"10","aggredire","aggredisco",38,"aggredisko","aggredisk","aggred","k","ire","aggred","-","aggredisce",1528,"aggrediSSe","aggrediSS","-","aggrediamo",38,"aggrediamo","aggred","-","aggredisca",80,"aggrediska","aggredisk","k",1,0
"11","agire","agisco",829,"adGisko","adGisk","adG","k","ire","adG","dG","agisce",19084,"adGiSSe","adGiSS","-","agiamo",672,"adGamo","adG","dG","agisca",2712,"adGiska","adGisk","k",1,0
"12","alleggerire","alleggerisco",16,"alleddGerisko","alleddGerisk","alleddGer","k","ire","alleddGer","-","alleggerisce",599,"alleddGeriSSe","alleddGeriSS","-","alleggeriamo",21,"alleddGeriamo","alleddGer","-","alleggerisca",87,"alleddGeriska","alleddGerisk","k",1,0
"13","allestire","allestisco",19,"allestisko","allestisk","allest","k","ire","allest","-","allestisce",1021,"allestiSSe","allestiSS","-","allestiamo",51,"allestiamo","allest","-","allestisca",21,"allestiska","allestisk","k",1,0
"14","ambire","ambisco",262,"ambisko","ambisk","amb","k","ire","amb","-","ambisce",1233,"ambiSSe","ambiSS","-","ambiamo",31,"ambiamo","amb","-","ambisca",157,"ambiska","ambisk","k",1,0
"15","ammonire","ammonisco",51,"ammonisko","ammonisk","ammon","k","ire","ammon","-","ammonisce",2744,"ammoniSSe","ammoniSS","-","ammoniamo",24,"ammoniamo","ammon","-","ammonisca",61,"ammoniska","ammonisk","k",1,0
"16","ammorbidire","ammorbidisco",8,"ammorbidisko","ammorbidisk","ammorbid","k","ire","ammorbid","-","ammorbidisce",362,"ammorbidiSSe","ammorbidiSS","-","ammorbidiamo",4,"ammorbidiamo","ammorbid","-","ammorbidisca",66,"ammorbidiska","ammorbidisk","k",1,0
"17","annuire","annuisco",68,"annuisko","annuisk","annu","k","ire","annu","-","annuisce",1361,"annuiSSe","annuiSS","-","annuiamo",7,"annuiamo","annu","-","annuisca",6,"annuiska","annuisk","k",1,0
"18","apparire","appaio",266,"appaio","appai","appai","-","ire","appar","-","appare",144699,"appare","appar","-","appariamo",82,"appariamo","appar","-","appaia",5115,"appaia","appai","-",1,0
"19","appassire","appassisco",6,"appassisko","appassisk","appass","k","ire","appass","-","appassisce",254,"appassiSSe","appassiSS","-","appassiamo",4,"appassiamo","appass","-","appassisca",57,"appassiska","appassisk","k",1,0
"20","appesantire","appesantisco",10,"appesantisko","appesantisk","appesant","k","ire","appesant","-","appesantisce",733,"appesantiSSe","appesantiSS","-","appesantiamo",8,"appesantiamo","appesant","-","appesantisca",51,"appesantiska","appesantisk","k",1,0
"21","applaudire","applaudo",127,"applaudo","applaud","applaud","-","ire","applaud","-","applaude",1562,"applaude","applaud","-","applaudiamo",85,"applaudiamo","applaud","-","applauda",39,"applauda","applaud","-",0,1
"22","approfondire","approfondisco",112,"approfondisko","approfondisk","approfond","k","ire","approfond","-","approfondisce",3568,"approfondiSSe","approfondiSS","-","approfondiamo",272,"approfondiamo","approfond","-","approfondisca",370,"approfondiska","approfondisk","k",1,0
"23","aprire","apro",4574,"apro","apr","apr","-","ire","apr","-","apre",72746,"apre","apr","-","apriamo",2724,"apriamo","apr","-","apra",4407,"apra","apr","-",0,1
"24","ardire","ardisco",151,"ardisko","ardisk","ard","k","ire","ard","-","ardisce",162,"ardiSSe","ardiSS","-","ardiamo",20,"ardiamo","ard","-","ardisca",86,"ardiska","ardisk","k",1,0
"25","arricchire","arricchisco",53,"arrikkisko","arrikkisk","arrikk","k","ire","arrikk","k","arricchisce",7366,"arrikkiSSe","arrikkiSS","-","arricchiamo",54,"arrikkiamo","arrikk","k","arricchisca",407,"arrikkiska","arrikkisk","k",1,0
"26","arrossire","arrossisco",142,"arrossisko","arrossisk","arross","k","ire","arross","-","arrossisce",336,"arrossiSSe","arrossiSS","-","arrossiamo",9,"arrossiamo","arross","-","arrossisca",46,"arrossiska","arrossisk","k",1,0
"27","arrostire","arrostisco",8,"arrostisko","arrostisk","arrost","k","ire","arrost","-","arrostisce",52,"arrostiSSe","arrostiSS","-","arrostiamo",11,"arrostiamo","arrost","-","arrostisca",4,"arrostiska","arrostisk","k",1,0
"28","assalire","assalgo",9,"assalgo","assalg","assalg","lg","ire","assal","-","assale",2398,"assale","assal","-","assaliamo",9,"assaliamo","assal","-","assalga",51,"assalga","assalg","lg",1,0
"29","assentire","assento",204,"assento","assent","assent","-","ire","assent","-","assente",117,"assente","assent","-","assentiamo",22,"assentiamo","assent","-","assenta",468,"assenta","assent","-",0,1
"30","asserire","asserisco",85,"asserisko","asserisk","asser","k","ire","asser","-","asserisce",2623,"asseriSSe","asseriSS","-","asseriamo",36,"asseriamo","asser","-","asserisca",58,"asseriska","asserisk","k",1,0
"31","assopire","assopisco",28,"assopisko","assopisk","assop","k","ire","assop","-","assopisce",167,"assopiSSe","assopiSS","-","assopiamo",5,"assopiamo","assop","-","assopisca",15,"assopiska","assopisk","k",1,0
"32","assorbire","assorbo",65,"assorbo","assorb","assorb","-","ire","assorb","-","assorbe",5290,"assorbe","assorb","-","assorbiamo",94,"assorbiamo","assorb","-","assorba",322,"assorba","assorb","-",0,1
"33","atterrire","atterrisco",3,"atterrisko","atterrisk","atterr","k","ire","atterr","-","atterrisce",241,"atterriSSe","atterriSS","-","atterriamo",246,"atterriamo","atterr","-","atterrisca",11,"atterriska","atterrisk","k",1,0
"34","attribuire","attribuisco",492,"attribuisko","attribuisk","attribu","k","ire","attribu","-","attribuisce",21036,"attribuiSSe","attribuiSS","-","attribuiamo",833,"attribuiamo","attribu","-","attribuisca",1305,"attribuiska","attribuisk","k",1,0
"35","attutire","attutisco",6,"attutisko","attutisk","attut","k","ire","attut","-","attutisce",192,"attutiSSe","attutiSS","-","attutiamo",3,"attutiamo","attut","-","attutisca",31,"attutiska","attutisk","k",1,0
"36","autodefinire","autodefinisco",20,"autodefinisko","autodefinisk","autodefin","k","ire","autodefin","-","autodefinisce",628,"autodefiniSSe","autodefiniSS","-","autodefiniamo",6,"autodefiniamo","autodefin","-","autodefinisca",20,"autodefiniska","autodefinisk","k",1,0
"37","avvertire","avverto",3135,"avverto","avvert","avvert","-","ire","avvert","-","avverte",34373,"avverte","avvert","-","avvertiamo",1716,"avvertiamo","avvert","-","avverta",905,"avverta","avvert","-",0,1
"38","avvilire","avvilisco",22,"avvilisko","avvilisk","avvil","k","ire","avvil","-","avvilisce",320,"avviliSSe","avviliSS","-","avviliamo",3,"avviliamo","avvil","-","avvilisca",22,"avviliska","avvilisk","k",1,0
"39","bandire","bandisco",11,"bandisko","bandisk","band","k","ire","band","-","bandisce",1937,"bandiSSe","bandiSS","-","bandiamo",15,"bandiamo","band","-","bandisca",113,"bandiska","bandisk","k",1,0
"40","benedire","benedico",494,"benediko","benedik","benedik","k","ire","bened","-","benedice",1187,"beneditSe","beneditS","tS","benediciamo",259,"beneditSamo","bened","-","benedica",1811,"benedika","benedik","k",1,0
"41","bollire","bollo",243,"bollo","boll","boll","-","ire","boll","-","bolle",465,"bolle","boll","-","bolliamo",20,"bolliamo","boll","-","bolla",936,"bolla","boll","-",0,1
"42","bramire","bramo",386,"bramo","bram","bram","-","ire","bram","-","brame",7,"brame","bram","-","bramiamo",61,"bramiamo","bram","-","brama",414,"brama","bram","-",0,1
"43","brandire","brandisco",7,"brandisko","brandisk","brand","k","ire","brand","-","brandisce",301,"brandiSSe","brandiSS","-","brandiamo",7,"brandiamo","brand","-","brandisca",17,"brandiska","brandisk","k",1,0
"44","capire","capisco",43597,"kapisko","kapisk","kap","k","ire","kap","-","capisce",40684,"kapiSSe","kapiSS","-","capiamo",3677,"kapiamo","kap","-","capisca",3718,"kapiska","kapisk","k",1,0
"45","carpire","carpisco",11,"karpisko","karpisk","karp","k","ire","karp","-","carpisce",105,"karpiSSe","karpiSS","-","carpiamo",5,"karpiamo","karp","-","carpisca",10,"karpiska","karpisk","k",1,0
"46","chiarire","chiarisco",445,"kiarisko","kiarisk","kiar","k","ire","kiar","-","chiarisce",11257,"kiariSSe","kiariSS","-","chiariamo",504,"kiariamo","kiar","-","chiarisca",2392,"kiariska","kiarisk","k",1,0
"47","colpire","colpisco",183,"kolpisko","kolpisk","kolp","k","ire","kolp","-","colpisce",30031,"kolpiSSe","kolpiSS","-","colpiamo",74,"kolpiamo","kolp","-","colpisca",1070,"kolpiska","kolpisk","k",1,0
"48","comparire","compaio",96,"kompaio","kompai","kompai","-","ire","kompar","-","compare",24095,"kompare","kompar","-","compariamo",73,"kompariamo","kompar","-","compaia",1282,"kompaia","kompai","-",1,0
"49","compatire","compatisco",175,"kompatisko","kompatisk","kompat","k","ire","kompat","-","compatisce",89,"kompatiSSe","kompatiSS","-","compatiamo",19,"kompatiamo","kompat","-","compatisca",33,"kompatiska","kompatisk","k",1,0
"50","concepire","concepisco",412,"kontSepisko","kontSepisk","kontSep","k","ire","kontSep","-","concepisce",2526,"kontSepiSSe","kontSepiSS","-","concepiamo",340,"kontSepiamo","kontSep","-","concepisca",172,"kontSepiska","kontSepisk","k",1,0
"51","condire","condisco",49,"kondisko","kondisk","kond","k","ire","kond","-","condisce",292,"kondiSSe","kondiSS","-","condiamo",27,"kondiamo","kond","-","condisca",14,"kondiska","kondisk","k",1,0
"52","conferire","conferisco",44,"konferisko","konferisk","konfer","k","ire","konfer","-","conferisce",12756,"konferiSSe","konferiSS","-","conferiamo",69,"konferiamo","konfer","-","conferisca",1265,"konferiska","konferisk","k",1,0
"53","confluire","confluisco",5,"konfluisko","konfluisk","konflu","k","ire","konflu","-","confluisce",1327,"konfluiSSe","konfluiSS","-","confluiamo",4,"konfluiamo","konflu","-","confluisca",96,"konfluiska","konfluisk","k",1,0
"54","conseguire","conseguo",47,"konseguo","konsegu","konsegu","-","ire","konsegu","-","consegue",24114,"konsegue","konsegu","-","conseguiamo",23,"konseguiamo","konsegu","-","consegua",1575,"konsegua","konsegu","-",0,1
"55","consentire","consento",363,"konsento","konsent","konsent","-","ire","konsent","-","consente",132407,"konsente","konsent","-","consentiamo",253,"konsentiamo","konsent","-","consenta",24850,"konsenta","konsent","-",0,1
"56","contraddire","contraddico",232,"kontraddiko","kontraddik","kontraddik","k","ire","kontradd","-","contraddice",3301,"kontradditSe","kontradditS","tS","contraddiciamo",17,"kontradditSamo","kontradd","-","contraddica",362,"kontraddika","kontraddik","k",1,0
"57","contravvenire","contravvengo",11,"kontravvengo","kontravveng","kontravveng","ng","ire","kontravven","-","contravviene",792,"kontravviene","kontravvien","-","contravveniamo",6,"kontravveniamo","kontravven","-","contravvenga",292,"kontravvenga","kontravveng","ng",1,0
"58","contribuire","contribuisco",171,"kontribuisko","kontribuisk","kontribu","k","ire","kontribu","-","contribuisce",19667,"kontribuiSSe","kontribuiSS","-","contribuiamo",309,"kontribuiamo","kontribu","-","contribuisca",2479,"kontribuiska","kontribuisk","k",1,0
"59","convenire","convengo",633,"konvengo","konveng","konveng","ng","ire","konven","-","conviene",29486,"konviene","konvien","-","conveniamo",184,"konveniamo","konven","-","convenga",1797,"konvenga","konveng","ng",1,0
"60","convertire","converto",94,"konverto","konvert","konvert","-","ire","konvert","-","converte",2752,"konverte","konvert","-","convertiamo",137,"konvertiamo","konvert","-","converta",455,"konverta","konvert","-",0,1
"68","coprire","copro",446,"kopro","kopr","kopr","-","ire","kopr","-","copre",14641,"kopre","kopr","-","copriamo",233,"kopriamo","kopr","-","copra",1739,"kopra","kopr","-",0,1
"69","costituire","costituisco",91,"kostituisko","kostituisk","kostitu","k","ire","kostitu","-","costituisce",120199,"kostituiSSe","kostituiSS","-","costituiamo",168,"kostituiamo","kostitu","-","costituisca",13382,"kostituiska","kostituisk","k",1,0
"70","costruire","costruisco",591,"kostruisko","kostruisk","kostru","k","ire","kostru","-","costruisce",14706,"kostruiSSe","kostruiSS","-","costruiamo",1758,"kostruiamo","kostru","-","costruisca",1035,"kostruiska","kostruisk","k",1,0
"71","cucire","cucio",79,"kutSo","kutS","kutS","tS","ire","kutS","tS","cuce",467,"kutSe","kutS","tS","cuciamo",13,"kutSamo","kutS","tS","cucia",14,"kutSa","kutS","tS",0,1
"72","custodire","custodisco",159,"kustodisko","kustodisk","kustod","k","ire","kustod","-","custodisce",3346,"kustodiSSe","kustodiSS","-","custodiamo",133,"kustodiamo","kustod","-","custodisca",308,"kustodiska","kustodisk","k",1,0
"73","definire","definisco",1614,"definisko","definisk","defin","k","ire","defin","-","definisce",54981,"definiSSe","definiSS","-","definiamo",2226,"definiamo","defin","-","definisca",3171,"definiska","definisk","k",1,0
"81","deglutire","deglutisco",23,"deglutisko","deglutisk","deglut","k","ire","deglut","-","deglutisce",142,"deglutiSSe","deglutiSS","-","deglutiamo",5,"deglutiamo","deglut","-","deglutisca",5,"deglutiska","deglutisk","k",1,0
"82","demolire","demolisco",19,"demolisko","demolisk","demol","k","ire","demol","-","demolisce",620,"demoliSSe","demoliSS","-","demoliamo",21,"demoliamo","demol","-","demolisca",32,"demoliska","demolisk","k",1,0
"83","differire","differisco",21,"differisko","differisk","differ","k","ire","differ","-","differisce",3365,"differiSSe","differiSS","-","differiamo",17,"differiamo","differ","-","differisca",307,"differiska","differisk","k",1,0
"84","digerire","digerisco",227,"didGerisko","didGerisk","didGer","k","ire","didGer","-","digerisce",466,"didGeriSSe","didGeriSS","-","digeriamo",30,"didGeriamo","didGer","-","digerisca",17,"didGeriska","didGerisk","k",1,0
"85","diluire","diluisco",12,"diluisko","diluisk","dilu","k","ire","dilu","-","diluisce",300,"diluiSSe","diluiSS","-","diluiamo",9,"diluiamo","dilu","-","diluisca",34,"diluiska","diluisk","k",1,0
"86","dimagrire","dimagrisco",41,"dimagrisko","dimagrisk","dimagr","k","ire","dimagr","-","dimagrisce",156,"dimagriSSe","dimagriSS","-","dimagriamo",4,"dimagriamo","dimagr","-","dimagrisca",16,"dimagriska","dimagrisk","k",1,0
"87","diminuire","diminuisco",81,"diminuisko","diminuisk","diminu","k","ire","diminu","-","diminuisce",9018,"diminuiSSe","diminuiSS","-","diminuiamo",70,"diminuiamo","diminu","-","diminuisca",770,"diminuiska","diminuisk","k",1,0
"88","dire","dico",109267,"diko","dik","dik","k","ire","d","-","dice",387000,"ditSe","ditS","tS","diciamo",44525,"ditSamo","d","-","dica",21598,"dika","dik","k",1,0
"96","discoprire","discopro",5,"diskopro","diskopr","diskopr","-","ire","diskopr","-","discopre",46,"diskopre","diskopr","-","discopriamo",7,"diskopriamo","diskopr","-","discopra",5,"diskopra","diskopr","-",0,1
"97","disdire","disdico",124,"disdiko","disdik","disdik","k","ire","disd","-","disdice",150,"disditSe","disditS","tS","disdiciamo",9,"disditSamo","disd","-","disdica",28,"disdika","disdik","k",1,0
"98","disobbedire","disobbedisco",14,"disobbedisko","disobbedisk","disobbed","k","ire","disobbed","-","disobbedisce",145,"disobbediSSe","disobbediSS","-","disobbediamo",24,"disobbediamo","disobbed","-","disobbedisca",15,"disobbediska","disobbedisk","k",1,0
"99","dissentire","dissento",620,"dissento","dissent","dissent","-","ire","dissent","-","dissente",754,"dissente","dissent","-","dissentiamo",72,"dissentiamo","dissent","-","dissenta",78,"dissenta","dissent","-",0,1
"100","distribuire","distribuisco",173,"distribuisko","distribuisk","distribu","k","ire","distribu","-","distribuisce",5729,"distribuiSSe","distribuiSS","-","distribuiamo",247,"distribuiamo","distribu","-","distribuisca",353,"distribuiska","distribuisk","k",1,0
"101","disubbidire","disubbidisco",6,"disubbidisko","disubbidisk","disubbid","k","ire","disubbid","-","disubbidisce",53,"disubbidiSSe","disubbidiSS","-","disubbidiamo",6,"disubbidiamo","disubbid","-","disubbidisca",4,"disubbidiska","disubbidisk","k",1,0
"102","divenire","divengo",93,"divengo","diveng","diveng","ng","ire","diven","-","diviene",28040,"diviene","divien","-","diveniamo",166,"diveniamo","diven","-","divenga",2924,"divenga","diveng","ng",1,0
"103","divertire","diverto",2823,"diverto","divert","divert","-","ire","divert","-","diverte",8157,"diverte","divert","-","divertiamo",1012,"divertiamo","divert","-","diverta",621,"diverta","divert","-",0,1
"111","dormire","dormo",2423,"dormo","dorm","dorm","-","ire","dorm","-","dorme",8606,"dorme","dorm","-","dormiamo",672,"dormiamo","dorm","-","dorma",642,"dorma","dorm","-",0,1
"112","eccepire","eccepisco",13,"ettSepisko","ettSepisk","ettSep","k","ire","ettSep","-","eccepisce",892,"ettSepiSSe","ettSepiSS","-","eccepiamo",12,"ettSepiamo","ettSep","-","eccepisca",44,"ettSepiska","ettSepisk","k",1,0
"113","elargire","elargisco",26,"elardGisko","elardGisk","elardG","k","ire","elardG","dG","elargisce",740,"elardGiSSe","elardGiSS","-","elargiamo",10,"elardGamo","elardG","dG","elargisca",39,"elardGiska","elardGisk","k",1,0
"114","esaudire","esaudisco",25,"esaudisko","esaudisk","esaud","k","ire","esaud","-","esaudisce",322,"esaudiSSe","esaudiSS","-","esaudiamo",9,"esaudiamo","esaud","-","esaudisca",87,"esaudiska","esaudisk","k",1,0
"115","esaurire","esaurisco",62,"esaurisko","esaurisk","esaur","k","ire","esaur","-","esaurisce",5534,"esauriSSe","esauriSS","-","esauriamo",22,"esauriamo","esaur","-","esaurisca",927,"esauriska","esaurisk","k",1,0
"116","eseguire","eseguo",551,"eseguo","esegu","esegu","-","ire","esegu","-","esegue",12667,"esegue","esegu","-","eseguiamo",405,"eseguiamo","esegu","-","esegua",1020,"esegua","esegu","-",0,1
"117","esibire","esibisco",139,"esibisko","esibisk","esib","k","ire","esib","-","esibisce",4382,"esibiSSe","esibiSS","-","esibiamo",82,"esibiamo","esib","-","esibisca",347,"esibiska","esibisk","k",1,0
"118","esordire","esordisco",42,"esordisko","esordisk","esord","k","ire","esord","-","esordisce",3933,"esordiSSe","esordiSS","-","esordiamo",12,"esordiamo","esord","-","esordisca",20,"esordiska","esordisk","k",1,0
"119","fallire","fallisco",50,"fallisko","fallisk","fall","k","ire","fall","-","fallisce",3678,"falliSSe","falliSS","-","falliamo",75,"falliamo","fall","-","fallisca",428,"falliska","fallisk","k",1,0
"120","favorire","favorisco",52,"favorisko","favorisk","favor","k","ire","favor","-","favorisce",18328,"favoriSSe","favoriSS","-","favoriamo",125,"favoriamo","favor","-","favorisca",3348,"favoriska","favorisk","k",1,0
"121","ferire","ferisco",63,"ferisko","ferisk","fer","k","ire","fer","-","ferisce",2348,"feriSSe","feriSS","-","feriamo",13,"feriamo","fer","-","ferisca",115,"feriska","ferisk","k",1,0
"122","finire","finisco",2659,"finisko","finisk","fin","k","ire","fin","-","finisce",52828,"finiSSe","finiSS","-","finiamo",1657,"finiamo","fin","-","finisca",6760,"finiska","finisk","k",1,0
"123","fornire","fornisco",631,"fornisko","fornisk","forn","k","ire","forn","-","fornisce",55718,"forniSSe","forniSS","-","forniamo",1471,"forniamo","forn","-","fornisca",4740,"forniska","fornisk","k",1,0
"124","fruire","fruisco",27,"fruisko","fruisk","fru","k","ire","fru","-","fruisce",1616,"fruiSSe","fruiSS","-","fruiamo",26,"fruiamo","fru","-","fruisca",530,"fruiska","fruisk","k",1,0
"125","fuggire","fuggo",380,"fuggo","fugg","fugg","g","ire","fuddG","dG","fugge",6252,"fuddGe","fuddG","dG","fuggiamo",232,"fuddGamo","fuddG","dG","fugga",319,"fugga","fugg","g",1,0
"126","fuoriuscire","fuoriesco",4,"fuoriesko","fuoriesk","fuoriesk","k","ire","fuoriuSS","-","fuoriesce",1780,"fuorieSSe","fuorieSS","-","fuoriusciamo",4,"fuoriuSSamo","fuoriuSS","-","fuoriesca",225,"fuorieska","fuoriesk","k",1,0
"127","garantire","garantisco",2578,"garantisko","garantisk","garant","k","ire","garant","-","garantisce",35484,"garantiSSe","garantiSS","-","garantiamo",706,"garantiamo","garant","-","garantisca",7439,"garantiska","garantisk","k",1,0
"128","gestire","gestisco",700,"dGestisko","dGestisk","dGest","k","ire","dGest","-","gestisce",24155,"dGestiSSe","dGestiSS","-","gestiamo",450,"dGestiamo","dGest","-","gestisca",1010,"dGestiska","dGestisk","k",1,0
"129","gioire","gioisco",229,"dGoisko","dGoisk","dGo","k","ire","dGo","-","gioisce",769,"dGoiSSe","dGoiSS","-","gioiamo",65,"dGoiamo","dGo","-","gioisca",88,"dGoiska","dGoisk","k",1,0
"130","gradire","gradisco",384,"gradisko","gradisk","grad","k","ire","grad","-","gradisce",1624,"gradiSSe","gradiSS","-","gradiamo",48,"gradiamo","grad","-","gradisca",207,"gradiska","gradisk","k",1,0
"131","graffire","graffo",8,"graffo","graff","graff","-","ire","graff","-","graffe",523,"graffe","graff","-","graffiamo",3,"graffiamo","graff","-","graffa",144,"graffa","graff","-",0,1
"132","guarire","guarisco",67,"guarisko","guarisk","guar","k","ire","guar","-","guarisce",2429,"guariSSe","guariSS","-","guariamo",24,"guariamo","guar","-","guarisca",337,"guariska","guarisk","k",1,0
"133","imbastire","imbastisco",8,"imbastisko","imbastisk","imbast","k","ire","imbast","-","imbastisce",199,"imbastiSSe","imbastiSS","-","imbastiamo",14,"imbastiamo","imbast","-","imbastisca",7,"imbastiska","imbastisk","k",1,0
"134","impadronire","impadronisco",7,"impadronisko","impadronisk","impadron","k","ire","impadron","-","impadronisce",744,"impadroniSSe","impadroniSS","-","impadroniamo",6,"impadroniamo","impadron","-","impadronisca",105,"impadroniska","impadronisk","k",1,0
"135","impallidire","impallidisco",12,"impallidisko","impallidisk","impallid","k","ire","impallid","-","impallidisce",307,"impallidiSSe","impallidiSS","-","impallidiamo",3,"impallidiamo","impallid","-","impallidisca",9,"impallidiska","impallidisk","k",1,0
"136","impartire","impartisco",57,"impartisko","impartisk","impart","k","ire","impart","-","impartisce",1789,"impartiSSe","impartiSS","-","impartiamo",76,"impartiamo","impart","-","impartisca",63,"impartiska","impartisk","k",1,0
"137","impaurire","impaurisco",5,"impaurisko","impaurisk","impaur","k","ire","impaur","-","impaurisce",175,"impauriSSe","impauriSS","-","impauriamo",3,"impauriamo","impaur","-","impaurisca",7,"impauriska","impaurisk","k",1,0
"138","impazzire","impazzisco",309,"impazzisko","impazzisk","impazz","k","ire","impazz","-","impazzisce",899,"impazziSSe","impazziSS","-","impazziamo",19,"impazziamo","impazz","-","impazzisca",79,"impazziska","impazzisk","k",1,0
"139","impedire","impedisco",83,"impedisko","impedisk","imped","k","ire","imped","-","impedisce",25223,"impediSSe","impediSS","-","impediamo",166,"impediamo","imped","-","impedisca",3030,"impediska","impedisk","k",1,0
"140","impigrire","impigrisco",4,"impigrisko","impigrisk","impigr","k","ire","impigr","-","impigrisce",40,"impigriSSe","impigriSS","-","impigriamo",3,"impigriamo","impigr","-","impigrisca",3,"impigriska","impigrisk","k",1,0
"141","inaridire","inaridisco",6,"inaridisko","inaridisk","inarid","k","ire","inarid","-","inaridisce",270,"inaridiSSe","inaridiSS","-","inaridiamo",4,"inaridiamo","inarid","-","inaridisca",49,"inaridiska","inaridisk","k",1,0
"142","incenerire","incenerisco",14,"intSenerisko","intSenerisk","intSener","k","ire","intSener","-","incenerisce",109,"intSeneriSSe","intSeneriSS","-","inceneriamo",3,"intSeneriamo","intSener","-","incenerisca",19,"intSeneriska","intSenerisk","k",1,0
"143","incuriosire","incuriosisco",30,"inkuriosisko","inkuriosisk","inkurios","k","ire","inkurios","-","incuriosisce",1767,"inkuriosiSSe","inkuriosiSS","-","incuriosiamo",7,"inkuriosiamo","inkurios","-","incuriosisca",42,"inkuriosiska","inkuriosisk","k",1,0
"144","indebolire","indebolisco",6,"indebolisko","indebolisk","indebol","k","ire","indebol","-","indebolisce",2025,"indeboliSSe","indeboliSS","-","indeboliamo",18,"indeboliamo","indebol","-","indebolisca",246,"indeboliska","indebolisk","k",1,0
"145","indire","indico",916,"indiko","indik","indik","k","ire","ind","-","indice",1394,"inditSe","inditS","tS","indiciamo",23,"inditSamo","ind","-","indica",64852,"indika","indik","k",1,0
"146","indurire","indurisco",16,"indurisko","indurisk","indur","k","ire","indur","-","indurisce",358,"induriSSe","induriSS","-","induriamo",4,"induriamo","indur","-","indurisca",85,"induriska","indurisk","k",1,0
"147","infastidire","infastidisco",36,"infastidisko","infastidisk","infastid","k","ire","infastid","-","infastidisce",1603,"infastidiSSe","infastidiSS","-","infastidiamo",12,"infastidiamo","infastid","-","infastidisca",85,"infastidiska","infastidisk","k",1,0
"148","inferire","inferisco",10,"inferisko","inferisk","infer","k","ire","infer","-","inferisce",142,"inferiSSe","inferiSS","-","inferiamo",21,"inferiamo","infer","-","inferisca",14,"inferiska","inferisk","k",1,0
"149","infierire","infierisco",27,"infierisko","infierisk","infier","k","ire","infier","-","infierisce",331,"infieriSSe","infieriSS","-","infieriamo",20,"infieriamo","infier","-","infierisca",38,"infieriska","infierisk","k",1,0
"150","influire","influisco",4,"influisko","influisk","influ","k","ire","influ","-","influisce",4065,"influiSSe","influiSS","-","influiamo",7,"influiamo","influ","-","influisca",539,"influiska","influisk","k",1,0
"151","ingerire","ingerisco",21,"indGerisko","indGerisk","indGer","k","ire","indGer","-","ingerisce",226,"indGeriSSe","indGeriSS","-","ingeriamo",125,"indGeriamo","indGer","-","ingerisca",58,"indGeriska","indGerisk","k",1,0
"152","inghiottire","inghiottisco",4,"ingiottisko","ingiottisk","ingiott","k","ire","ingiott","-","inghiottisce",44,"ingiottiSSe","ingiottiSS","-","inghiottiamo",7,"ingiottiamo","ingiott","-","inghiottisca",15,"ingiottiska","ingiottisk","k",1,0
"153","ingigantire","ingigantisco",12,"indGigantisko","indGigantisk","indGigant","k","ire","indGigant","-","ingigantisce",279,"indGigantiSSe","indGigantiSS","-","ingigantiamo",8,"indGigantiamo","indGigant","-","ingigantisca",15,"indGigantiska","indGigantisk","k",1,0
"154","ingrandire","ingrandisco",23,"ingrandisko","ingrandisk","ingrand","k","ire","ingrand","-","ingrandisce",492,"ingrandiSSe","ingrandiSS","-","ingrandiamo",33,"ingrandiamo","ingrand","-","ingrandisca",35,"ingrandiska","ingrandisk","k",1,0
"155","inibire","inibisco",7,"inibisko","inibisk","inib","k","ire","inib","-","inibisce",1713,"inibiSSe","inibiSS","-","inibiamo",5,"inibiamo","inib","-","inibisca",136,"inibiska","inibisk","k",1,0
"156","innervosire","innervosisco",107,"innervosisko","innervosisk","innervos","k","ire","innervos","-","innervosisce",413,"innervosiSSe","innervosiSS","-","innervosiamo",6,"innervosiamo","innervos","-","innervosisca",18,"innervosiska","innervosisk","k",1,0
"157","inorgoglire","inorgoglisco",5,"inorgoLLsko","inorgoLLsk","inorgoLLsk","k","ire","inorgoL","-","inorgoglisce",287,"inorgoLLSSe","inorgoLLSS","-","inorgogliamo",4,"inorgoLLamo","inorgoL","-","inorgoglisca",36,"inorgoLLska","inorgoLLsk","k",1,0
"158","inorridire","inorridisco",122,"inorridisko","inorridisk","inorrid","k","ire","inorrid","-","inorridisce",216,"inorridiSSe","inorridiSS","-","inorridiamo",48,"inorridiamo","inorrid","-","inorridisca",28,"inorridiska","inorridisk","k",1,0
"159","insaporire","insaporisco",4,"insaporisko","insaporisk","insapor","k","ire","insapor","-","insaporisce",57,"insaporiSSe","insaporiSS","-","insaporiamo",5,"insaporiamo","insapor","-","insaporisca",58,"insaporiska","insaporisk","k",1,0
"160","inseguire","inseguo",321,"inseguo","insegu","insegu","-","ire","insegu","-","insegue",3808,"insegue","insegu","-","inseguiamo",195,"inseguiamo","insegu","-","insegua",148,"insegua","insegu","-",0,1
"161","inserire","inserisco",2627,"inserisko","inserisk","inser","k","ire","inser","-","inserisce",23221,"inseriSSe","inseriSS","-","inseriamo",1621,"inseriamo","inser","-","inserisca",1349,"inseriska","inserisk","k",1,0
"162","intenerire","intenerisco",20,"intenerisko","intenerisk","intener","k","ire","intener","-","intenerisce",224,"inteneriSSe","inteneriSS","-","inteneriamo",3,"inteneriamo","intener","-","intenerisca",13,"inteneriska","intenerisk","k",1,0
"163","interagire","interagisco",59,"interadGisko","interadGisk","interadG","k","ire","interadG","dG","interagisce",2767,"interadGiSSe","interadGiSS","-","interagiamo",136,"interadGamo","interadG","dG","interagisca",202,"interadGiska","interadGisk","k",1,0
"164","interferire","interferisco",16,"interferisko","interferisk","interfer","k","ire","interfer","-","interferisce",1626,"interferiSSe","interferiSS","-","interferiamo",31,"interferiamo","interfer","-","interferisca",582,"interferiska","interferisk","k",1,0
"165","interloquire","interloquisco",15,"interloquisko","interloquisk","interloqu","k","ire","interloqu","-","interloquisce",152,"interloquiSSe","interloquiSS","-","interloquiamo",24,"interloquiamo","interloqu","-","interloquisca",26,"interloquiska","interloquisk","k",1,0
"166","intervenire","intervengo",4142,"intervengo","interveng","interveng","ng","ire","interven","-","interviene",30461,"interviene","intervien","-","interveniamo",587,"interveniamo","interven","-","intervenga",5752,"intervenga","interveng","ng",1,0
"167","intestardire","intestardisco",22,"intestardisko","intestardisk","intestard","k","ire","intestard","-","intestardisce",96,"intestardiSSe","intestardiSS","-","intestardiamo",11,"intestardiamo","intestard","-","intestardisca",5,"intestardiska","intestardisk","k",1,0
"168","intimidire","intimidisco",14,"intimidisko","intimidisk","intimid","k","ire","intimid","-","intimidisce",174,"intimidiSSe","intimidiSS","-","intimidiamo",4,"intimidiamo","intimid","-","intimidisca",10,"intimidiska","intimidisk","k",1,0
"169","intristire","intristisco",44,"intristisko","intristisk","intrist","k","ire","intrist","-","intristisce",304,"intristiSSe","intristiSS","-","intristiamo",7,"intristiamo","intrist","-","intristisca",8,"intristiska","intristisk","k",1,0
"170","intuire","intuisco",420,"intuisko","intuisk","intu","k","ire","intu","-","intuisce",3718,"intuiSSe","intuiSS","-","intuiamo",219,"intuiamo","intu","-","intuisca",63,"intuiska","intuisk","k",1,0
"171","inveire","inveisco",13,"inveisko","inveisk","inve","k","ire","inve","-","inveisce",335,"inveiSSe","inveiSS","-","inveiamo",5,"inveiamo","inve","-","inveisca",20,"inveiska","inveisk","k",1,0
"172","invertire","inverto",45,"inverto","invert","invert","-","ire","invert","-","inverte",1075,"inverte","invert","-","invertiamo",83,"invertiamo","invert","-","inverta",176,"inverta","invert","-",0,1
"173","investire","investo",225,"investo","invest","invest","-","ire","invest","-","investe",13719,"investe","invest","-","investiamo",423,"investiamo","invest","-","investa",1167,"investa","invest","-",0,1
"174","irrigidire","irrigidisco",48,"irridGidisko","irridGidisk","irridGid","k","ire","irridGid","-","irrigidisce",591,"irridGidiSSe","irridGidiSS","-","irrigidiamo",7,"irridGidiamo","irridGid","-","irrigidisca",40,"irridGidiska","irridGidisk","k",1,0
"175","istituire","istituisco",22,"istituisko","istituisk","istitu","k","ire","istitu","-","istituisce",16401,"istituiSSe","istituiSS","-","istituiamo",46,"istituiamo","istitu","-","istituisca",556,"istituiska","istituisk","k",1,0
"176","istruire","istruisco",27,"istruisko","istruisk","istru","k","ire","istru","-","istruisce",1075,"istruiSSe","istruiSS","-","istruiamo",23,"istruiamo","istru","-","istruisca",94,"istruiska","istruisk","k",1,0
"177","lambire","lambisco",6,"lambisko","lambisk","lamb","k","ire","lamb","-","lambisce",818,"lambiSSe","lambiSS","-","lambiamo",4,"lambiamo","lamb","-","lambisca",22,"lambiska","lambisk","k",1,0
"178","maledire","maledico",252,"malediko","maledik","maledik","k","ire","maled","-","maledice",444,"maleditSe","maleditS","tS","malediciamo",30,"maleditSamo","maled","-","maledica",121,"maledika","maledik","k",1,0
"179","marcire","marcisco",3,"martSisko","martSisk","martS","k","ire","martS","tS","marcisce",268,"martSiSSe","martSiSS","-","marciamo",105,"martSamo","martS","tS","marcisca",44,"martSiska","martSisk","k",1,0
"180","mentire","mento",1827,"mento","ment","ment","-","ire","ment","-","mente",539,"mente","ment","-","mentiamo",73,"mentiamo","ment","-","menta",366,"menta","ment","-",0,1
"182","morire","muoio",1464,"muoio","muoi","muoi","-","ire","mor","-","muore",32796,"muore","muor","-","moriamo",639,"moriamo","mor","-","muoia",2365,"muoia","muoi","-",1,0
"190","munire","munisco",8,"munisko","munisk","mun","k","ire","mun","-","munisce",94,"muniSSe","muniSS","-","muniamo",13,"muniamo","mun","-","munisca",43,"muniska","munisk","k",1,0
"191","nutrire","nutro",1932,"nutro","nutr","nutr","-","ire","nutr","-","nutre",8722,"nutre","nutr","-","nutriamo",838,"nutriamo","nutr","-","nutra",480,"nutra","nutr","-",0,1
"192","obbedire","obbedisco",247,"obbedisko","obbedisk","obbed","k","ire","obbed","-","obbedisce",1858,"obbediSSe","obbediSS","-","obbediamo",103,"obbediamo","obbed","-","obbedisca",215,"obbediska","obbedisk","k",1,0
"193","offrire","offro",3210,"offro","offr","offr","-","ire","offr","-","offre",123363,"offre","offr","-","offriamo",3482,"offriamo","offr","-","offra",4226,"offra","offr","-",0,1
"194","partire","parto",5871,"parto","part","part","-","ire","part","-","parte",895,"parte","part","-","partiamo",5968,"partiamo","part","-","parta",3371,"parta","part","-",0,1
"195","partorire","partorisco",56,"partorisko","partorisk","partor","k","ire","partor","-","partorisce",1296,"partoriSSe","partoriSS","-","partoriamo",20,"partoriamo","partor","-","partorisca",109,"partoriska","partorisk","k",1,0
"196","patire","patisco",117,"patisko","patisk","pat","k","ire","pat","-","patisce",994,"patiSSe","patiSS","-","patiamo",55,"patiamo","pat","-","patisca",99,"patiska","patisk","k",1,0
"197","pentire","pento",1136,"pento","pent","pent","-","ire","pent","-","pente",923,"pente","pent","-","pentiamo",67,"pentiamo","pent","-","penta",216,"penta","pent","-",0,1
"198","percepire","percepisco",1195,"pertSepisko","pertSepisk","pertSep","k","ire","pertSep","-","percepisce",8835,"pertSepiSSe","pertSepiSS","-","percepiamo",1799,"pertSepiamo","pertSep","-","percepisca",971,"pertSepiska","pertSepisk","k",1,0
"199","perire","perisco",9,"perisko","perisk","per","k","ire","per","-","perisce",554,"periSSe","periSS","-","periamo",36,"periamo","per","-","perisca",246,"periska","perisk","k",1,0
"200","perquisire","perquisisco",9,"perquisisko","perquisisk","perquis","k","ire","perquis","-","perquisisce",140,"perquisiSSe","perquisiSS","-","perquisiamo",44,"perquisiamo","perquis","-","perquisisca",9,"perquisiska","perquisisk","k",1,0
"201","perseguire","perseguo",112,"perseguo","persegu","persegu","-","ire","persegu","-","persegue",8951,"persegue","persegu","-","perseguiamo",337,"perseguiamo","persegu","-","persegua",867,"persegua","persegu","-",0,1
"202","pervenire","pervengo",21,"pervengo","perveng","perveng","ng","ire","perven","-","perviene",3489,"perviene","pervien","-","perveniamo",67,"perveniamo","perven","-","pervenga",1482,"pervenga","perveng","ng",1,0
"203","plaudire","plaudo",91,"plaudo","plaud","plaud","-","ire","plaud","-","plaude",981,"plaude","plaud","-","plaudiamo",41,"plaudiamo","plaud","-","plauda",23,"plauda","plaud","-",0,1
"204","predire","predico",220,"prediko","predik","predik","k","ire","pred","-","predice",600,"preditSe","preditS","tS","prediciamo",7,"preditSamo","pred","-","predica",2906,"predika","predik","k",1,0
"205","preferire","preferisco",18421,"preferisko","preferisk","prefer","k","ire","prefer","-","preferisce",19835,"preferiSSe","preferiSS","-","preferiamo",2942,"preferiamo","prefer","-","preferisca",1271,"preferiska","preferisk","k",1,0
"206","premunire","premunisco",7,"premunisko","premunisk","premun","k","ire","premun","-","premunisce",50,"premuniSSe","premuniSS","-","premuniamo",4,"premuniamo","premun","-","premunisca",18,"premuniska","premunisk","k",1,0
"207","prevenire","prevengo",78,"prevengo","preveng","preveng","ng","ire","preven","-","previene",1883,"previene","previen","-","preveniamo",38,"preveniamo","preven","-","prevenga",283,"prevenga","preveng","ng",1,0
"208","proferire","proferisco",20,"proferisko","proferisk","profer","k","ire","profer","-","proferisce",213,"proferiSSe","proferiSS","-","proferiamo",24,"proferiamo","profer","-","proferisca",31,"proferiska","proferisk","k",1,0
"209","progredire","progredisco",8,"progredisko","progredisk","progred","k","ire","progred","-","progredisce",1084,"progrediSSe","progrediSS","-","progrediamo",58,"progrediamo","progred","-","progredisca",138,"progrediska","progredisk","k",1,0
"210","proibire","proibisco",152,"proibisko","proibisk","proib","k","ire","proib","-","proibisce",3086,"proibiSSe","proibiSS","-","proibiamo",45,"proibiamo","proib","-","proibisca",278,"proibiska","proibisk","k",1,0
"211","proseguire","proseguo",1596,"proseguo","prosegu","prosegu","-","ire","prosegu","-","prosegue",55427,"prosegue","prosegu","-","proseguiamo",1710,"proseguiamo","prosegu","-","prosegua",1939,"prosegua","prosegu","-",0,1
"212","prostituire","prostituisco",20,"prostituisko","prostituisk","prostitu","k","ire","prostitu","-","prostituisce",302,"prostituiSSe","prostituiSS","-","prostituiamo",6,"prostituiamo","prostitu","-","prostituisca",11,"prostituiska","prostituisk","k",1,0
"213","provenire","provengo",598,"provengo","proveng","proveng","ng","ire","proven","-","proviene",18308,"proviene","provien","-","proveniamo",271,"proveniamo","proven","-","provenga",2283,"provenga","proveng","ng",1,0
"214","pulire","pulisco",407,"pulisko","pulisk","pul","k","ire","pul","-","pulisce",1354,"puliSSe","puliSS","-","puliamo",148,"puliamo","pul","-","pulisca",92,"puliska","pulisk","k",1,0
"215","punire","punisco",65,"punisko","punisk","pun","k","ire","pun","-","punisce",3435,"puniSSe","puniSS","-","puniamo",103,"puniamo","pun","-","punisca",332,"puniska","punisk","k",1,0
"216","putire","puto",157,"puto","put","put","-","ire","put","-","pute",65,"pute","put","-","putiamo",3,"putiamo","put","-","puta",437,"puta","put","-",0,1
"217","rabbrividire","rabbrividisco",222,"rabbrividisko","rabbrividisk","rabbrivid","k","ire","rabbrivid","-","rabbrividisce",164,"rabbrividiSSe","rabbrividiSS","-","rabbrividiamo",27,"rabbrividiamo","rabbrivid","-","rabbrividisca",4,"rabbrividiska","rabbrividisk","k",1,0
"218","rapire","rapisco",23,"rapisko","rapisk","rap","k","ire","rap","-","rapisce",1320,"rapiSSe","rapiSS","-","rapiamo",20,"rapiamo","rap","-","rapisca",67,"rapiska","rapisk","k",1,0
"219","reagire","reagisco",263,"readGisko","readGisk","readG","k","ire","readG","dG","reagisce",6269,"readGiSSe","readGiSS","-","reagiamo",264,"readGamo","readG","dG","reagisca",408,"readGiska","readGisk","k",1,0
"220","recensire","recensisco",88,"retSensisko","retSensisk","retSens","k","ire","retSens","-","recensisce",5721,"retSensiSSe","retSensiSS","-","recensiamo",47,"retSensiamo","retSens","-","recensisca",13,"retSensiska","retSensisk","k",1,0
"221","recepire","recepisco",46,"retSepisko","retSepisk","retSep","k","ire","retSep","-","recepisce",4731,"retSepiSSe","retSepiSS","-","recepiamo",57,"retSepiamo","retSep","-","recepisca",627,"retSepiska","retSepisk","k",1,0
"222","regredire","regredisco",7,"regredisko","regredisk","regred","k","ire","regred","-","regredisce",440,"regrediSSe","regrediSS","-","regrediamo",16,"regrediamo","regred","-","regredisca",53,"regrediska","regredisk","k",1,0
"223","reinserire","reinserisco",23,"reinserisko","reinserisk","reinser","k","ire","reinser","-","reinserisce",69,"reinseriSSe","reinseriSS","-","reinseriamo",23,"reinseriamo","reinser","-","reinserisca",10,"reinseriska","reinserisk","k",1,0
"224","reperire","reperisco",17,"reperisko","reperisk","reper","k","ire","reper","-","reperisce",162,"reperiSSe","reperiSS","-","reperiamo",89,"reperiamo","reper","-","reperisca",45,"reperiska","reperisk","k",1,0
"225","restituire","restituisco",342,"restituisko","restituisk","restitu","k","ire","restitu","-","restituisce",9165,"restituiSSe","restituiSS","-","restituiamo",200,"restituiamo","restitu","-","restituisca",1275,"restituiska","restituisk","k",1,0
"226","riaprire","riapro",300,"riapro","riapr","riapr","-","ire","riapr","-","riapre",4284,"riapre","riapr","-","riapriamo",139,"riapriamo","riapr","-","riapra",365,"riapra","riapr","-",0,1
"227","ribadire","ribadisco",6066,"ribadisko","ribadisk","ribad","k","ire","ribad","-","ribadisce",24949,"ribadiSSe","ribadiSS","-","ribadiamo",2072,"ribadiamo","ribad","-","ribadisca",315,"ribadiska","ribadisk","k",1,0
"228","ricoprire","ricopro",289,"rikopro","rikopr","rikopr","-","ire","rikopr","-","ricopre",7341,"rikopre","rikopr","-","ricopriamo",72,"rikopriamo","rikopr","-","ricopra",450,"rikopra","rikopr","-",0,1
"229","ricostruire","ricostruisco",72,"rikostruisko","rikostruisk","rikostru","k","ire","rikostru","-","ricostruisce",5157,"rikostruiSSe","rikostruiSS","-","ricostruiamo",209,"rikostruiamo","rikostru","-","ricostruisca",221,"rikostruiska","rikostruisk","k",1,0
"230","ricucire","ricucio",12,"rikutSo","rikutS","rikutS","tS","ire","rikutS","tS","ricuce",279,"rikutSe","rikutS","tS","ricuciamo",9,"rikutSamo","rikutS","tS","ricucia",7,"rikutSa","rikutS","tS",0,1
"231","ridefinire","ridefinisco",5,"ridefinisko","ridefinisk","ridefin","k","ire","ridefin","-","ridefinisce",1106,"ridefiniSSe","ridefiniSS","-","ridefiniamo",15,"ridefiniamo","ridefin","-","ridefinisca",152,"ridefiniska","ridefinisk","k",1,0
"232","ridire","ridico",170,"ridiko","ridik","ridik","k","ire","rid","-","ridice",80,"riditSe","riditS","tS","ridiciamo",4,"riditSamo","rid","-","ridica",42,"ridika","ridik","k",1,0
"233","ridistribuire","ridistribuisco",3,"ridistribuisko","ridistribuisk","ridistribu","k","ire","ridistribu","-","ridistribuisce",224,"ridistribuiSSe","ridistribuiSS","-","ridistribuiamo",8,"ridistribuiamo","ridistribu","-","ridistribuisca",36,"ridistribuiska","ridistribuisk","k",1,0
"234","riempire","riempio",471,"riempio","riempi","riempi","-","ire","riemp","-","riempe",340,"riempe","riemp","-","riempiamo",545,"riempiamo","riemp","-","riempia",590,"riempia","riempi","-",1,0
"235","riferire","riferisco",20621,"riferisko","riferisk","rifer","k","ire","rifer","-","riferisce",60014,"riferiSSe","riferiSS","-","riferiamo",3746,"riferiamo","rifer","-","riferisca",3692,"riferiska","riferisk","k",1,0
"236","rifornire","rifornisco",84,"rifornisko","rifornisk","riforn","k","ire","riforn","-","rifornisce",651,"riforniSSe","riforniSS","-","riforniamo",51,"riforniamo","riforn","-","rifornisca",33,"riforniska","rifornisk","k",1,0
"237","rifuggire","rifuggo",108,"rifuggo","rifugg","rifugg","g","ire","rifuddG","dG","rifugge",1070,"rifuddGe","rifuddG","dG","rifuggiamo",61,"rifuddGamo","rifuddG","dG","rifugga",115,"rifugga","rifugg","g",1,0
"238","rinvenire","rinvengo",29,"rinvengo","rinveng","rinveng","ng","ire","rinven","-","rinviene",1797,"rinviene","rinvien","-","rinveniamo",125,"rinveniamo","rinven","-","rinvenga",115,"rinvenga","rinveng","ng",1,0
"239","ripartire","riparto",13757,"riparto","ripart","ripart","-","ire","ripart","-","ripartisce",1320,"ripartiSSe","ripartiSS","-","ripartiamo",973,"ripartiamo","ripart","-","ripartisca",100,"ripartiska","ripartisk","k",0,1
"240","ripartire","riparto",13757,"riparto","ripart","ripart","-","ire","ripart","-","ripartisce",1320,"ripartiSSe","ripartiSS","-","ripartiamo",973,"ripartiamo","ripart","-","riparta",349,"riparta","ripart","-",1,1
"241","ripartire","riparto",13757,"riparto","ripart","ripart","-","ire","ripart","-","riparte",7899,"riparte","ripart","-","ripartiamo",973,"ripartiamo","ripart","-","ripartisca",100,"ripartiska","ripartisk","k",0,1
"242","ripartire","riparto",13757,"riparto","ripart","ripart","-","ire","ripart","-","riparte",7899,"riparte","ripart","-","ripartiamo",973,"ripartiamo","ripart","-","riparta",349,"riparta","ripart","-",0,1
"243","ripartire","ripartisco",3,"ripartisko","ripartisk","ripart","k","ire","ripart","-","riparte",7899,"riparte","ripart","-","ripartiamo",973,"ripartiamo","ripart","-","ripartisca",100,"ripartiska","ripartisk","k",1,0
"244","ripartire","ripartisco",3,"ripartisko","ripartisk","ripart","k","ire","ripart","-","riparte",7899,"riparte","ripart","-","ripartiamo",973,"ripartiamo","ripart","-","riparta",349,"riparta","ripart","-",0,0
"245","ripartire","ripartisco",3,"ripartisko","ripartisk","ripart","k","ire","ripart","-","ripartisce",1320,"ripartiSSe","ripartiSS","-","ripartiamo",973,"ripartiamo","ripart","-","ripartisca",100,"ripartiska","ripartisk","k",1,0
"246","ripartire","ripartisco",3,"ripartisko","ripartisk","ripart","k","ire","ripart","-","ripartisce",1320,"ripartiSSe","ripartiSS","-","ripartiamo",973,"ripartiamo","ripart","-","riparta",349,"riparta","ripart","-",0,0
"247","ripulire","ripulisco",26,"ripulisko","ripulisk","ripul","k","ire","ripul","-","ripulisce",303,"ripuliSSe","ripuliSS","-","ripuliamo",28,"ripuliamo","ripul","-","ripulisca",50,"ripuliska","ripulisk","k",1,0
"248","risalire","risalgo",246,"risalgo","risalg","risalg","lg","ire","risal","-","risale",25982,"risale","risal","-","risaliamo",411,"risaliamo","risal","-","risalga",958,"risalga","risalg","lg",1,0
"249","risarcire","risarcisco",3,"risartSisko","risartSisk","risartS","k","ire","risartS","tS","risarcisce",255,"risartSiSSe","risartSiSS","-","risarciamo",6,"risartSamo","risartS","tS","risarcisca",107,"risartSiska","risartSisk","k",1,0
"250","riscoprire","riscopro",175,"riskopro","riskopr","riskopr","-","ire","riskopr","-","riscopre",1805,"riskopre","riskopr","-","riscopriamo",217,"riskopriamo","riskopr","-","riscopra",205,"riskopra","riskopr","-",0,1
"251","risentire","risento",268,"risento","risent","risent","-","ire","risent","-","risente",6504,"risente","risent","-","risentiamo",693,"risentiamo","risent","-","risenta",549,"risenta","risent","-",0,1
"252","rispedire","rispedisco",111,"rispedisko","rispedisk","risped","k","ire","risped","-","rispedisce",319,"rispediSSe","rispediSS","-","rispediamo",63,"rispediamo","risped","-","rispedisca",31,"rispediska","rispedisk","k",1,0
"253","ristabilire","ristabilisco",6,"ristabilisko","ristabilisk","ristabil","k","ire","ristabil","-","ristabilisce",661,"ristabiliSSe","ristabiliSS","-","ristabiliamo",20,"ristabiliamo","ristabil","-","ristabilisca",232,"ristabiliska","ristabilisk","k",1,0
"254","riunire","riunisco",44,"riunisko","riunisk","riun","k","ire","riun","-","riunisce",16680,"riuniSSe","riuniSS","-","riuniamo",326,"riuniamo","riun","-","riunisca",750,"riuniska","riunisk","k",1,0
"255","riuscire","riesco",49569,"riesko","riesk","riesk","k","ire","riuSS","-","riesce",120456,"rieSSe","rieSS","-","riusciamo",14671,"riuSSamo","riuSS","-","riesca",16224,"rieska","riesk","k",1,0
"256","riverire","riverisco",90,"riverisko","riverisk","river","k","ire","river","-","riverisce",72,"riveriSSe","riveriSS","-","riveriamo",3,"riveriamo","river","-","riverisca",3,"riveriska","riverisk","k",1,0
"257","rivestire","rivesto",235,"rivesto","rivest","rivest","-","ire","rivest","-","riveste",14710,"riveste","rivest","-","rivestiamo",78,"rivestiamo","rivest","-","rivesta",1090,"rivesta","rivest","-",0,1
"258","salire","salgo",1725,"salgo","salg","salg","lg","ire","sal","-","sale",49514,"sale","sal","-","saliamo",1395,"saliamo","sal","-","salga",869,"salga","salg","lg",1,0
"259","sancire","sancisco",8,"santSisko","santSisk","santS","k","ire","santS","tS","sancisce",7681,"santSiSSe","santSiSS","-","sanciamo",14,"santSamo","santS","tS","sancisca",605,"santSiska","santSisk","k",1,0
"260","sbiadire","sbiadisco",7,"sbiadisko","sbiadisk","sbiad","k","ire","sbiad","-","sbiadisce",228,"sbiadiSSe","sbiadiSS","-","sbiadiamo",3,"sbiadiamo","sbiad","-","sbiadisca",28,"sbiadiska","sbiadisk","k",1,0
"261","sbizzarrire","sbizzarrisco",27,"sbizzarrisko","sbizzarrisk","sbizzarr","k","ire","sbizzarr","-","sbizzarrisce",130,"sbizzarriSSe","sbizzarriSS","-","sbizzarriamo",7,"sbizzarriamo","sbizzarr","-","sbizzarrisca",5,"sbizzarriska","sbizzarrisk","k",1,0
"262","scandire","scandisco",31,"skandisko","skandisk","skand","k","ire","skand","-","scandisce",2257,"skandiSSe","skandiSS","-","scandiamo",16,"skandiamo","skand","-","scandisca",50,"skandiska","skandisk","k",1,0
"263","scomparire","scompaio",74,"skompaio","skompai","skompai","-","ire","skompar","-","scompare",8812,"skompare","skompar","-","scompariamo",19,"skompariamo","skompar","-","scompaia",696,"skompaia","skompai","-",1,0
"265","scoprire","scopro",3920,"skopro","skopr","skopr","-","ire","skopr","-","scopre",26139,"skopre","skopr","-","scopriamo",5244,"skopriamo","skopr","-","scopra",927,"skopra","skopr","-",0,1
"266","seguire","seguo",6628,"seguo","segu","segu","-","ire","segu","-","segue",99705,"segue","segu","-","seguiamo",2784,"seguiamo","segu","-","segua",4309,"segua","segu","-",0,1
"267","sentire","sento",73415,"sento","sent","sent","-","ire","sent","-","sente",65357,"sente","sent","-","sentiamo",18856,"sentiamo","sent","-","senta",6702,"senta","sent","-",0,1
"269","seppellire","seppellisco",40,"seppellisko","seppellisk","seppell","k","ire","seppell","-","seppellisce",352,"seppelliSSe","seppelliSS","-","seppelliamo",40,"seppelliamo","seppell","-","seppellisca",37,"seppelliska","seppellisk","k",1,0
"270","servire","servo",2296,"servo","serv","serv","-","ire","serv","-","serve",106833,"serve","serv","-","serviamo",841,"serviamo","serv","-","serva",11434,"serva","serv","-",0,1
"271","sfuggire","sfuggo",99,"sfuggo","sfugg","sfugg","g","ire","sfuddG","dG","sfugge",11957,"sfuddGe","sfuddG","dG","sfuggiamo",34,"sfuddGamo","sfuddG","dG","sfugga",1027,"sfugga","sfugg","g",1,0
"272","smaltire","smaltisco",62,"smaltisko","smaltisk","smalt","k","ire","smalt","-","smaltisce",193,"smaltiSSe","smaltiSS","-","smaltiamo",37,"smaltiamo","smalt","-","smaltisca",19,"smaltiska","smaltisk","k",1,0
"273","smarrire","smarrisco",57,"smarrisko","smarrisk","smarr","k","ire","smarr","-","smarrisce",829,"smarriSSe","smarriSS","-","smarriamo",41,"smarriamo","smarr","-","smarrisca",155,"smarriska","smarrisk","k",1,0
"274","smentire","smentisco",212,"smentisko","smentisk","sment","k","ire","sment","-","smentisce",5122,"smentiSSe","smentiSS","-","smentiamo",46,"smentiamo","sment","-","smentisca",358,"smentiska","smentisk","k",1,0
"275","sminuire","sminuisco",59,"sminuisko","sminuisk","sminu","k","ire","sminu","-","sminuisce",601,"sminuiSSe","sminuiSS","-","sminuiamo",12,"sminuiamo","sminu","-","sminuisca",68,"sminuiska","sminuisk","k",1,0
"276","soffrire","soffro",3275,"soffro","soffr","soffr","-","ire","soffr","-","soffre",20605,"soffre","soffr","-","soffriamo",975,"soffriamo","soffr","-","soffra",1201,"soffra","soffr","-",0,1
"277","sopperire","sopperisco",11,"sopperisko","sopperisk","sopper","k","ire","sopper","-","sopperisce",334,"sopperiSSe","sopperiSS","-","sopperiamo",7,"sopperiamo","sopper","-","sopperisca",50,"sopperiska","sopperisk","k",1,0
"278","sorbire","sorbisco",24,"sorbisko","sorbisk","sorb","k","ire","sorb","-","sorbisce",49,"sorbiSSe","sorbiSS","-","sorbiamo",34,"sorbiamo","sorb","-","sorbisca",4,"sorbiska","sorbisk","k",1,0
"279","sostituire","sostituisco",383,"sostituisko","sostituisk","sostitu","k","ire","sostitu","-","sostituisce",18714,"sostituiSSe","sostituiSS","-","sostituiamo",336,"sostituiamo","sostitu","-","sostituisca",1607,"sostituiska","sostituisk","k",1,0
"280","sovvertire","sovverto",4,"sovverto","sovvert","sovvert","-","ire","sovvert","-","sovverte",387,"sovverte","sovvert","-","sovvertiamo",6,"sovvertiamo","sovvert","-","sovverta",33,"sovverta","sovvert","-",0,1
"281","sparire","sparisco",148,"sparisko","sparisk","spar","k","ire","spar","-","sparisce",3934,"spariSSe","spariSS","-","spariamo",338,"spariamo","spar","-","sparisca",636,"spariska","sparisk","k",1,0
"282","spartire","spartisco",6,"spartisko","spartisk","spart","k","ire","spart","-","spartisce",178,"spartiSSe","spartiSS","-","spartiamo",19,"spartiamo","spart","-","spartisca",6,"spartiska","spartisk","k",1,0
"283","spazientire","spazientisco",10,"spazientisko","spazientisk","spazient","k","ire","spazient","-","spazientisce",112,"spazientiSSe","spazientiSS","-","spazientiamo",3,"spazientiamo","spazient","-","spazientisca",8,"spazientiska","spazientisk","k",1,0
"284","spedire","spedisco",1211,"spedisko","spedisk","sped","k","ire","sped","-","spedisce",2517,"spediSSe","spediSS","-","spediamo",230,"spediamo","sped","-","spedisca",207,"spediska","spedisk","k",1,0
"285","stabilire","stabilisco",203,"stabilisko","stabilisk","stabil","k","ire","stabil","-","stabilisce",67751,"stabiliSSe","stabiliSS","-","stabiliamo",575,"stabiliamo","stabil","-","stabilisca",3001,"stabiliska","stabilisk","k",1,0
"286","stordire","stordisco",20,"stordisko","stordisk","stord","k","ire","stord","-","stordisce",497,"stordiSSe","stordiSS","-","stordiamo",6,"stordiamo","stord","-","stordisca",6,"stordiska","stordisk","k",1,0
"287","stupire","stupisco",1533,"stupisko","stupisk","stup","k","ire","stup","-","stupisce",8520,"stupiSSe","stupiSS","-","stupiamo",336,"stupiamo","stup","-","stupisca",323,"stupiska","stupisk","k",1,0
"288","subire","subisco",337,"subisko","subisk","sub","k","ire","sub","-","subisce",14516,"subiSSe","subiSS","-","subiamo",780,"subiamo","sub","-","subisca",1554,"subiska","subisk","k",1,0
"289","suggerire","suggerisco",2478,"suddGerisko","suddGerisk","suddGer","k","ire","suddGer","-","suggerisce",23008,"suddGeriSSe","suddGeriSS","-","suggeriamo",1533,"suddGeriamo","suddGer","-","suggerisca",522,"suddGeriska","suddGerisk","k",1,0
"290","supplire","supplisco",19,"supplisko","supplisk","suppl","k","ire","suppl","-","supplisce",558,"suppliSSe","suppliSS","-","suppliamo",3,"suppliamo","suppl","-","supplisca",96,"suppliska","supplisk","k",1,0
"291","svanire","svanisco",15,"svanisko","svanisk","svan","k","ire","svan","-","svanisce",2532,"svaniSSe","svaniSS","-","svaniamo",7,"svaniamo","svan","-","svanisca",229,"svaniska","svanisk","k",1,0
"292","svenire","svengo",198,"svengo","sveng","sveng","ng","ire","sven","-","sviene",652,"sviene","svien","-","sveniamo",13,"sveniamo","sven","-","svenga",12,"svenga","sveng","ng",1,0
"293","svestire","svesto",29,"svesto","svest","svest","-","ire","svest","-","sveste",120,"sveste","svest","-","svestiamo",6,"svestiamo","svest","-","svesta",6,"svesta","svest","-",0,1
"294","svilire","svilisco",5,"svilisko","svilisk","svil","k","ire","svil","-","svilisce",519,"sviliSSe","sviliSS","-","sviliamo",5,"sviliamo","svil","-","svilisca",53,"sviliska","svilisk","k",1,0
"295","tradire","tradisco",198,"tradisko","tradisk","trad","k","ire","trad","-","tradisce",4745,"tradiSSe","tradiSS","-","tradiamo",73,"tradiamo","trad","-","tradisca",377,"tradiska","tradisk","k",1,0
"296","trasferire","trasferisco",432,"trasferisko","trasferisk","trasfer","k","ire","trasfer","-","trasferisce",10649,"trasferiSSe","trasferiSS","-","trasferiamo",494,"trasferiamo","trasfer","-","trasferisca",670,"trasferiska","trasferisk","k",1,0
"297","trasgredire","trasgredisco",18,"trasgredisko","trasgredisk","trasgred","k","ire","trasgred","-","trasgredisce",572,"trasgrediSSe","trasgrediSS","-","trasgrediamo",19,"trasgrediamo","trasgred","-","trasgredisca",119,"trasgrediska","trasgredisk","k",1,0
"298","travestire","travesto",61,"travesto","travest","travest","-","ire","travest","-","traveste",638,"traveste","travest","-","travestiamo",21,"travestiamo","travest","-","travesta",26,"travesta","travest","-",0,1
"299","ubbidire","ubbidisco",50,"ubbidisko","ubbidisk","ubbid","k","ire","ubbid","-","ubbidisce",573,"ubbidiSSe","ubbidiSS","-","ubbidiamo",25,"ubbidiamo","ubbid","-","ubbidisca",53,"ubbidiska","ubbidisk","k",1,0
"300","udire","odo",884,"odo","od","od","-","ire","ud","-","ode",2216,"ode","od","-","udiamo",245,"udiamo","ud","-","oda",345,"oda","od","-",0,0
"301","unire","unisco",1786,"unisko","unisk","un","k","ire","un","-","unisce",20192,"uniSSe","uniSS","-","uniamo",999,"uniamo","un","-","unisca",1231,"uniska","unisk","k",1,0
"302","uscire","esco",5849,"esko","esk","esk","k","ire","uSS","-","esce",54515,"eSSe","eSS","-","usciamo",3300,"uSSamo","uSS","-","esca",3251,"eska","esk","k",1,0
"303","usufruire","usufruisco",183,"usufruisko","usufruisk","usufru","k","ire","usufru","-","usufruisce",2390,"usufruiSSe","usufruiSS","-","usufruiamo",81,"usufruiamo","usufru","-","usufruisca",465,"usufruiska","usufruisk","k",1,0
"304","venire","vengo",11603,"vengo","veng","veng","ng","ire","ven","-","viene",160496,"viene","vien","-","veniamo",8533,"veniamo","ven","-","venga",25776,"venga","veng","ng",1,0
"305","venire","vengo",11603,"vengo","veng","veng","ng","ire","ven","-","viene",160496,"viene","vien","-","veniamo",8533,"veniamo","ven","-","venga",3,"venga","veng","ng",1,0
"306","vestire","vesto",1066,"vesto","vest","vest","-","ire","vest","-","veste",3430,"veste","vest","-","vestiamo",243,"vestiamo","vest","-","vesta",520,"vesta","vest","-",0,1
"307","zittire","zittisco",17,"zittisko","zittisk","zitt","k","ire","zitt","-","zittisce",324,"zittiSSe","zittiSS","-","zittiamo",6,"zittiamo","zitt","-","zittisca",20,"zittiska","zittisk","k",1,0
